Submittal	Should Be
175589	1
177668	1
157013	1
175193	1
124005	1
187665	1
160334	1
154899	1
152618	1
125008	1
171221	1
120738	1
159181	1
157308	1
179346	2
112112	2
112120	2
179605	2
181919	2
156421	2
152079	2
158324	2
177643	2
150722	2
173011	2
163599	2
156306	2
112319	2
138778	2
178528	2
112354	2
112359	2
159818	2
180419	2
178221	2
173211	2
112406	2
164383	2
153819	2
180661	2
112422	2
169540	2
159283	2
177981	2
168600	2
177003	2
186545	2
176977	2
179610	2
137004	2
154782	2
179579	2
187254	2
143802	2
183630	2
112609	2
138363	2
175015	2
185015	2
187195	2
180495	2
156440	2
151897	2
176713	2
176955	2
112720	2
112769	2
186796	2
164278	2
181351	2
183994	2
172202	2
174092	2
112896	2
177145	2
181359	2
180724	2
180540	2
135368	2
169780	2
142223	2
187119	2
183135	2
159420	2
185425	2
180411	2
179229	2
145051	2
149800	2
150097	2
178748	2
187341	2
155520	2
178051	2
184561	2
176537	2
182705	2
178183	2
179275	2
139581	2
181240	2
151694	2
113396	2
180026	2
178851	2
113438	2
113443	2
187422	2
169660	2
167141	2
175799	2
176783	2
173363	2
113480	2
161160	2
113492	2
173178	2
142901	2
180801	2
163267	2
182661	2
157483	2
179628	2
178658	2
135421	2
176689	2
187283	2
138470	2
164562	2
113759	2
158756	2
172160	2
113818	2
113824	2
186565	2
176889	2
151193	2
176599	2
154183	2
183814	2
187504	2
174897	2
156678	2
143572	2
175654	2
184491	2
187505	2
159160	2
185935	2
144954	2
128463	2
178707	2
114265	2
180181	2
179604	2
173931	2
167387	2
168262	2
179731	2
182275	2
182458	2
185179	2
180862	2
183530	2
177299	2
114575	2
178853	2
176933	2
114611	2
163544	2
157466	2
169968	2
114704	2
187156	2
184067	2
176682	2
163624	2
168659	2
176172	2
178390	2
114810	2
175076	2
175764	2
176060	2
162439	2
180415	2
154338	2
144005	2
180553	2
177066	2
178760	2
158143	2
184328	2
178659	2
162892	2
179347	2
175104	2
115231	2
180787	2
160421	2
173085	2
173923	2
165081	2
186836	2
182147	2
187476	2
187155	2
180164	2
179899	2
150687	2
181137	2
183407	2
115590	2
170318	2
115596	2
180746	2
115670	2
181949	2
152071	2
160013	2
137484	2
167408	2
157870	2
144525	2
162977	2
150486	2
186570	2
179755	2
115814	2
184634	2
174117	2
182819	2
176002	2
148970	2
186649	2
148253	2
150039	2
177866	2
178660	2
179987	2
162796	2
163079	2
179729	2
171443	2
174416	2
116148	2
167844	2
172692	2
176451	2
178203	2
179351	2
175178	2
116224	2
181940	2
175126	2
166139	2
162903	2
116366	2
168141	2
181882	2
116418	2
183398	2
178826	2
156105	2
176479	2
116530	2
168886	2
180856	2
175926	2
162711	2
176760	2
166810	2
182863	2
183485	2
186001	2
167474	2
152921	2
116856	2
176618	2
157270	2
175536	2
159366	2
173229	2
155802	2
160815	2
177372	2
160724	2
141263	2
183626	2
159623	2
186628	2
149938	2
144407	2
187299	2
176359	2
184184	2
145108	2
165876	2
143594	2
187124	2
177682	2
117423	2
178873	2
186805	2
117434	2
181181	2
187248	2
179578	2
117510	2
117533	2
186129	2
187203	2
167262	2
177135	2
175547	2
139449	2
139335	2
171654	2
179997	2
162582	2
161718	2
163448	2
177390	2
187307	2
182848	2
161612	2
167823	2
137962	2
183068	2
166863	2
173848	2
159490	2
178257	2
118050	2
179866	2
166138	2
171496	2
187319	2
178586	2
156760	2
166588	2
167984	2
186871	2
179803	2
176188	2
184479	2
181343	2
147166	2
158190	2
164615	2
154882	2
118508	2
184060	2
187170	2
175999	2
132479	2
176579	2
178897	2
165046	2
136007	2
167857	2
181116	2
181356	2
168431	2
158707	2
176435	2
133122	2
155235	2
119219	2
180525	2
160442	2
182378	2
162916	2
141101	2
176796	2
155386	2
168291	2
119349	2
174838	2
183469	2
132636	2
145825	2
151197	2
182155	2
168533	2
170259	2
130508	2
173721	2
143162	2
148648	2
135997	2
181671	2
176611	2
179687	2
184138	2
179385	2
175309	2
161198	2
186832	2
151850	2
180410	2
154367	2
119914	2
186728	2
119928	2
179677	2
157947	2
164918	2
172109	2
187022	2
144216	2
120056	2
170371	2
120070	2
175573	2
131478	2
187435	2
155441	2
187464	2
186428	2
170186	2
166172	2
132238	2
183596	2
155034	2
174535	2
187390	2
177316	2
142551	2
181870	2
187216	2
180804	2
171938	2
168451	2
120517	2
120560	2
182877	2
180582	2
120645	2
150175	2
175811	2
187002	2
182091	2
120763	2
157170	2
175218	2
169686	2
165585	2
177673	2
178663	2
183241	2
143589	2
179575	2
120950	2
186690	2
184282	2
148921	2
164699	2
121028	2
175897	2
151643	2
177346	2
170999	2
167041	2
121116	2
182802	2
145837	2
170100	2
182423	2
178650	2
174247	2
178993	2
136886	2
121380	2
121394	2
173712	2
155624	2
179950	2
176297	2
167428	2
176107	2
139520	2
181176	2
177734	2
177128	2
169186	2
183246	2
175249	2
137834	2
186354	2
174304	2
178017	2
186721	2
182837	2
121672	2
178172	2
148428	2
131600	2
131387	2
147893	2
150627	2
136322	2
167811	2
178749	2
121969	2
122028	2
167327	2
178887	2
122088	2
144689	2
160989	2
133115	2
152138	2
183850	2
177977	2
157398	2
138904	2
136944	2
154786	2
165327	2
180363	2
136246	2
154603	2
177965	2
173886	2
181114	2
178101	2
183450	2
131389	2
156071	2
161303	2
145123	2
179287	2
122570	2
166512	2
181878	2
139214	2
169281	2
148924	2
122730	2
154421	2
168608	2
150664	2
170797	2
123051	2
175024	2
145344	2
123105	2
123114	2
144699	2
153512	2
133276	2
183247	2
182667	2
123209	2
178886	2
123376	2
163314	2
162393	2
178918	2
123458	2
131204	2
143618	2
138984	2
123522	2
177492	2
174778	2
173153	2
165885	2
175077	2
168806	2
182875	2
184125	2
178438	2
175324	2
128014	2
123789	2
152053	2
130186	2
123914	2
135817	2
130745	2
143096	2
187200	2
178359	2
153757	2
124250	2
154726	2
128958	2
124497	2
163424	2
169192	2
124745	2
176059	2
132280	2
178271	2
124977	2
140757	2
151059	2
137514	2
184246	2
137901	2
139613	2
157287	2
163332	2
125143	2
185599	2
174468	2
177131	2
162963	2
128296	2
183439	2
145283	2
163250	2
147284	2
167068	2
136294	2
182375	2
182531	2
125342	2
154677	2
127981	2
154217	2
181266	2
167118	2
138816	2
180640	2
158223	2
175396	2
178249	2
168330	2
186090	2
180983	2
178941	2
168456	2
148168	2
183302	2
147395	2
176343	2
170998	2
177826	3
141446	3
169883	3
184300	3
158502	3
140925	3
163970	3
116782	3
167339	3
184139	3
116019	3
156736	3
162162	3
180521	3
167579	3
175468	3
112617	3
132050	3
168293	3
128568	3
156224	3
128417	3
118063	3
119556	3
156184	3
123206	3
178632	3
139839	3
136841	3
151757	3
168939	3
115892	3
116329	3
176823	3
116827	3
177724	3
160389	3
179408	3
177506	3
165590	3
131464	3
163691	3
132029	3
177159	3
112601	3
170701	3
175908	3
136956	3
155602	3
112853	3
178719	3
168084	3
169825	3
136374	3
179738	3
163025	3
175905	3
156842	3
132092	3
155569	3
154539	3
120282	3
112407	3
163825	3
157257	3
131496	3
133817	3
149914	3
139975	3
157676	3
173888	3
171147	3
157977	3
128343	3
156025	3
112567	3
174986	3
161365	3
145155	3
169341	3
156095	3
146232	3
148000	3
163287	3
112424	3
173896	3
174872	3
173893	3
155311	3
171073	3
113688	3
132020	3
168321	3
114068	3
149122	3
166694	3
139066	3
160610	3
146281	3
115210	3
172227	3
161424	3
159051	3
178671	3
154892	3
174826	3
131933	3
148283	3
158664	3
116508	3
160393	3
116557	3
176758	3
156648	3
172786	3
131842	3
161578	3
162753	3
173218	3
137374	3
147956	3
152982	3
157128	3
171911	3
175544	3
120235	3
143059	3
121738	3
140129	3
125395	3
160164	4
